Razon_Social,CUIT/CUIL,Condicion,Domicilio,Región,País,Estado/Provincia,Ciudad,Tipo de Cliente
Persona 658,69-53271697-8,IVA Sujeto Exento,Calle 968 N°4963,Europa,España,Madrid,Madrid,Persona Jurídica
Persona 1994,45-77009962-7,Responsable Inscripto,Calle 140 N°818,América,Estados Unidos,Texas,Dallas,Persona Física
Empresa 1348 SRL,94-81167959-3,Régimen Simplificado,Calle 493 N°4199,Asia,China,Pekín,Pekín,Persona Física
Empresa 2510 SRL,74-58122348-9,IVA Sujeto Exento,Calle 717 N°3034,América,Brasil,São Paulo,São Paulo,Persona Jurídica
Persona 1849,76-47358896-1,Régimen Simplificado,Calle 249 N°2368,Europa,España,Cataluña,Barcelona,Persona Física
Empresa 2867 S.A.,19-37016576-6,Responsable Inscripto,Calle 283 N°3000,América,Brasil,Rio de Janeiro,Rio de Janeiro,Persona Física
Empresa 2430 SRL,61-25417156-9,Régimen Simplificado,Calle 95 N°4906,América,Estados Unidos,California,San Francisco,Persona Física
Persona 1245,65-54293764-2,Responsable Inscripto,Calle 926 N°4701,América,Estados Unidos,Texas,Dallas,Persona Física
Empresa 2893 SAS,20-67384273-3,Responsable Inscripto,Calle 921 N°2522,Europa,España,Cataluña,Barcelona,Persona Física
Empresa 385 SRL,19-87576405-4,Régimen Simplificado,Calle 425 N°1122,Europa,España,Cataluña,Barcelona,Persona Física
Persona 6,61-15140047-0,Régimen Simplificado,Calle 698 N°83,Asia,China,Pekín,Pekín,Persona Física
Empresa 2888 S.A.,59-70493226-2,Régimen Simplificado,Calle 125 N°1779,Europa,España,Madrid,Madrid,Persona Física
Empresa 1831 S.A.,33-87540071-8,Responsable Inscripto,Calle 714 N°249,Europa,España,Madrid,Madrid,Persona Física
Empresa 895 SAS,15-33770560-0,Régimen Simplificado,Calle 502 N°1374,Asia,China,Pekín,Pekín,Persona Física
Persona 1794,68-44115597-0,Responsable Inscripto,Calle 776 N°279,Europa,España,Madrid,Madrid,Persona Física
Persona 2348,58-36363747-8,IVA Sujeto Exento,Calle 148 N°1322,Asia,China,Pekín,Pekín,Persona Jurídica
Empresa 439 SAS,78-87308709-6,Régimen Simplificado,Calle 327 N°31,Asia,China,Pekín,Pekín,Persona Física
Persona 478,94-65721651-5,Responsable Inscripto,Calle 240 N°2018,Europa,España,Cataluña,Barcelona,Persona Física
Persona 206,97-95602822-8,IVA Sujeto Exento,Calle 677 N°3188,Asia,China,Pekín,Pekín,Persona Jurídica
Persona 2987,16-48952017-8,Responsable Inscripto,Calle 414 N°4390,América,Argentina,Córdoba,Córdoba,Persona Física
Persona 351,91-89544588-2,Régimen Simplificado,Calle 200 N°4117,Asia,China,Shanghái,Shanghái,Persona Física
Empresa 2911 SRL,73-22412636-3,IVA Sujeto Exento,Calle 327 N°2130,Europa,España,Cataluña,Barcelona,Persona Jurídica
Empresa 988 SRL,55-94011955-5,Responsable Inscripto,Calle 899 N°4709,Asia,China,Pekín,Pekín,Persona Física
Persona 928,54-68652513-7,IVA Sujeto Exento,Calle 445 N°2285,América,Argentina,Santa Fe,Rosario,Persona Jurídica
Empresa 1723 S.A.,33-64525199-8,IVA Sujeto Exento,Calle 751 N°2163,Asia,China,Pekín,Pekín,Persona Jurídica
Empresa 2058 S.A.,37-64082255-0,Responsable Inscripto,Calle 438 N°2215,América,Brasil,Rio de Janeiro,Rio de Janeiro,Persona Física
Empresa 1090 SRL,85-76366297-4,Régimen Simplificado,Calle 677 N°4774,Europa,España,Madrid,Madrid,Persona Física
Empresa 601 SRL,95-18004872-8,Responsable Inscripto,Calle 730 N°4316,Europa,España,Madrid,Madrid,Persona Física
Empresa 1369 SAS,78-82351053-9,Responsable Inscripto,Calle 756 N°2467,Europa,España,Madrid,Madrid,Persona Física
Empresa 1250 SAS,33-87253406-3,Responsable Inscripto,Calle 996 N°456,Europa,España,Madrid,Madrid,Persona Física
Empresa 2237 SAS,42-17029424-2,Responsable Inscripto,Calle 528 N°846,América,Argentina,Córdoba,Córdoba,Persona Física
Persona 821,36-57828380-7,Régimen Simplificado,Calle 971 N°764,Asia,China,Shanghái,Shanghái,Persona Física
Persona 539,76-98090115-0,Responsable Inscripto,Calle 963 N°3200,América,Estados Unidos,California,San Francisco,Persona Física
Persona 2644,67-88645503-6,IVA Sujeto Exento,Calle 294 N°4363,Asia,China,Shanghái,Shanghái,Persona Jurídica
Persona 238,79-18735438-0,IVA Sujeto Exento,Calle 811 N°3950,América,Argentina,Córdoba,Córdoba,Persona Jurídica
Empresa 131 S.A.,81-95133562-0,Responsable Inscripto,Calle 222 N°3546,Europa,España,Cataluña,Barcelona,Persona Física
Empresa 41 S.A.,99-90139845-3,IVA Sujeto Exento,Calle 966 N°4267,Asia,China,Pekín,Pekín,Persona Jurídica
Persona 2184,31-76745409-5,IVA Sujeto Exento,Calle 693 N°2331,Europa,España,Madrid,Madrid,Persona Jurídica
Empresa 1717 SAS,34-25427177-8,Responsable Inscripto,Calle 42 N°1224,Europa,España,Cataluña,Barcelona,Persona Física
Persona 224,76-13583753-3,IVA Sujeto Exento,Calle 700 N°1689,Asia,China,Shanghái,Shanghái,Persona Jurídica
Empresa 2351 S.A.,42-29272999-4,IVA Sujeto Exento,Calle 826 N°2421,Asia,China,Pekín,Pekín,Persona Jurídica
Persona 2001,11-44968103-5,IVA Sujeto Exento,Calle 645 N°4573,Europa,España,Cataluña,Barcelona,Persona Jurídica
Empresa 134 SAS,24-45525912-5,Responsable Inscripto,Calle 529 N°3128,Europa,España,Madrid,Madrid,Persona Física
Empresa 1586 SAS,26-67874588-2,Régimen Simplificado,Calle 824 N°297,Asia,China,Shanghái,Shanghái,Persona Física
Empresa 47 SAS,37-42025066-3,Responsable Inscripto,Calle 923 N°2820,Europa,España,Madrid,Madrid,Persona Física
Empresa 1145 SRL,76-77731811-8,Responsable Inscripto,Calle 93 N°4838,América,Estados Unidos,Texas,Houston,Persona Física
Persona 334,13-95389434-4,Responsable Inscripto,Calle 156 N°4839,América,Argentina,Santa Fe,Rosario,Persona Física
Empresa 1978 SAS,87-81739194-4,Responsable Inscripto,Calle 802 N°3218,Asia,China,Shanghái,Shanghái,Persona Física
Empresa 1459 SAS,33-38852226-4,IVA Sujeto Exento,Calle 179 N°3928,América,Estados Unidos,Texas,Dallas,Persona Jurídica
Persona 2693,74-13629649-9,IVA Sujeto Exento,Calle 378 N°451,Asia,China,Shanghái,Shanghái,Persona Jurídica
Persona 273,31-74129078-7,IVA Sujeto Exento,Calle 557 N°2256,Europa,España,Cataluña,Barcelona,Persona Jurídica
Empresa 2869 SRL,10-15601105-2,IVA Sujeto Exento,Calle 846 N°2522,América,Estados Unidos,California,Los Ángeles,Persona Jurídica
Persona 564,78-65849467-5,Responsable Inscripto,Calle 489 N°1190,Asia,China,Pekín,Pekín,Persona Física
Persona 1210,30-36263360-8,IVA Sujeto Exento,Calle 262 N°2119,Asia,China,Shanghái,Shanghái,Persona Jurídica
Empresa 82 S.A.,43-29212096-5,Régimen Simplificado,Calle 662 N°1800,Asia,China,Shanghái,Shanghái,Persona Física
Persona 1843,80-42539671-5,Régimen Simplificado,Calle 339 N°2563,Asia,China,Shanghái,Shanghái,Persona Física
Persona 97,44-88313866-0,Régimen Simplificado,Calle 827 N°1302,Europa,España,Madrid,Madrid,Persona Física
Empresa 1060 S.A.,86-94488253-5,Responsable Inscripto,Calle 744 N°3415,Europa,España,Cataluña,Barcelona,Persona Física
Empresa 1720 SRL,58-66998942-7,IVA Sujeto Exento,Calle 82 N°2504,América,Estados Unidos,California,San Francisco,Persona Jurídica
Empresa 908 S.A.,48-37819054-6,Responsable Inscripto,Calle 986 N°1226,Europa,España,Madrid,Madrid,Persona Física
Empresa 2245 SRL,46-41474212-3,Régimen Simplificado,Calle 602 N°808,Europa,España,Cataluña,Barcelona,Persona Física
Persona 770,72-22327499-2,Responsable Inscripto,Calle 247 N°4436,América,Argentina,Santa Fe,Rosario,Persona Física
Persona 429,42-85844862-7,IVA Sujeto Exento,Calle 603 N°1167,América,Brasil,São Paulo,São Paulo,Persona Jurídica
Empresa 2515 S.A.,97-32795389-3,Responsable Inscripto,Calle 179 N°1415,América,Brasil,Rio de Janeiro,Rio de Janeiro,Persona Física
Persona 2305,12-54154602-8,IVA Sujeto Exento,Calle 153 N°3436,América,Argentina,Santa Fe,Rosario,Persona Jurídica
Persona 2884,91-14271494-8,IVA Sujeto Exento,Calle 885 N°1612,Asia,China,Shanghái,Shanghái,Persona Jurídica
Empresa 368 S.A.,32-66436195-1,Responsable Inscripto,Calle 101 N°3187,Asia,China,Shanghái,Shanghái,Persona Física
Empresa 119 SRL,80-73593575-9,Responsable Inscripto,Calle 397 N°4076,Europa,España,Madrid,Madrid,Persona Física
Empresa 710 SRL,86-11196220-2,Régimen Simplificado,Calle 739 N°3790,América,Estados Unidos,California,San Francisco,Persona Física
Persona 1861,91-28066873-9,IVA Sujeto Exento,Calle 976 N°2553,América,Brasil,Rio de Janeiro,Rio de Janeiro,Persona Jurídica
Persona 1079,81-41294138-3,Responsable Inscripto,Calle 503 N°4508,Asia,China,Pekín,Pekín,Persona Física
Persona 2110,42-34973289-9,Responsable Inscripto,Calle 913 N°4078,América,Brasil,Rio de Janeiro,Rio de Janeiro,Persona Física
Empresa 2588 S.A.,71-62782899-9,Responsable Inscripto,Calle 49 N°4798,América,Brasil,Rio de Janeiro,Rio de Janeiro,Persona Física
Empresa 598 SAS,10-76277901-1,Régimen Simplificado,Calle 70 N°3109,Asia,China,Shanghái,Shanghái,Persona Física
Empresa 446 SAS,39-24740191-5,Régimen Simplificado,Calle 600 N°371,Europa,España,Cataluña,Barcelona,Persona Física
Empresa 2838 SAS,92-50222471-6,Responsable Inscripto,Calle 548 N°3592,Asia,China,Shanghái,Shanghái,Persona Física
Persona 2890,82-95234926-7,Responsable Inscripto,Calle 196 N°1750,Europa,España,Cataluña,Barcelona,Persona Física
Empresa 115 SRL,36-76739481-0,IVA Sujeto Exento,Calle 321 N°4910,Asia,China,Pekín,Pekín,Persona Jurídica
Persona 2663,18-86679843-3,Régimen Simplificado,Calle 535 N°4767,Europa,España,Madrid,Madrid,Persona Física
Persona 1413,77-72047648-5,Responsable Inscripto,Calle 532 N°412,Europa,España,Madrid,Madrid,Persona Física
Persona 1819,34-85210024-9,Régimen Simplificado,Calle 191 N°4573,América,Argentina,Santa Fe,Rosario,Persona Física
Empresa 2130 S.A.,57-82884798-1,IVA Sujeto Exento,Calle 393 N°4817,Europa,España,Madrid,Madrid,Persona Jurídica
Empresa 2373 SAS,54-65043389-0,Régimen Simplificado,Calle 859 N°4686,Asia,China,Pekín,Pekín,Persona Física
Persona 2525,86-26088519-5,Responsable Inscripto,Calle 576 N°2941,América,Brasil,São Paulo,São Paulo,Persona Física
Persona 895,18-48639533-1,IVA Sujeto Exento,Calle 321 N°2100,Asia,China,Pekín,Pekín,Persona Jurídica
Persona 2980,14-10044519-2,Responsable Inscripto,Calle 892 N°4722,América,Estados Unidos,Texas,Dallas,Persona Física
Persona 1428,24-35416759-8,Responsable Inscripto,Calle 355 N°4117,América,Estados Unidos,Texas,Dallas,Persona Física
Persona 695,14-59725780-2,Responsable Inscripto,Calle 479 N°4495,Asia,China,Pekín,Pekín,Persona Física
Empresa 2973 S.A.,45-47139416-6,Responsable Inscripto,Calle 817 N°2970,Europa,España,Cataluña,Barcelona,Persona Física
Empresa 497 SAS,83-33328238-5,Responsable Inscripto,Calle 757 N°2288,América,Estados Unidos,Texas,Dallas,Persona Física
Empresa 669 SAS,13-76082330-6,Régimen Simplificado,Calle 222 N°3365,Asia,China,Shanghái,Shanghái,Persona Física
Empresa 1048 S.A.,10-58282295-3,IVA Sujeto Exento,Calle 299 N°4438,América,Estados Unidos,California,Los Ángeles,Persona Jurídica
Persona 1708,59-86494597-0,Régimen Simplificado,Calle 634 N°465,América,Estados Unidos,Texas,Dallas,Persona Física
Empresa 2995 SAS,96-90199253-4,Responsable Inscripto,Calle 763 N°2921,Asia,China,Shanghái,Shanghái,Persona Física
Persona 2696,67-28531110-8,Régimen Simplificado,Calle 182 N°886,América,Estados Unidos,California,San Francisco,Persona Física
Empresa 865 S.A.,19-96259787-7,IVA Sujeto Exento,Calle 556 N°2955,América,Estados Unidos,California,Los Ángeles,Persona Jurídica
Persona 2527,71-95358903-9,Régimen Simplificado,Calle 906 N°4861,Europa,España,Cataluña,Barcelona,Persona Física
Empresa 313 S.A.,15-64984045-0,IVA Sujeto Exento,Calle 568 N°4523,América,Brasil,Rio de Janeiro,Rio de Janeiro,Persona Jurídica
Empresa 2415 SRL,74-83115626-4,Responsable Inscripto,Calle 593 N°2751,Europa,España,Cataluña,Barcelona,Persona Física
Empresa 789 SRL,50-20430021-6,IVA Sujeto Exento,Calle 134 N°778,América,Estados Unidos,California,San Francisco,Persona Jurídica
Empresa 2596 SAS,42-90855541-9,Responsable Inscripto,Calle 350 N°4237,Asia,China,Pekín,Pekín,Persona Física
Empresa 1267 S.A.,42-50145067-9,Régimen Simplificado,Calle 412 N°2409,América,Estados Unidos,California,San Francisco,Persona Física
Persona 544,68-49429680-9,Responsable Inscripto,Calle 126 N°646,Asia,China,Pekín,Pekín,Persona Física
Empresa 449 S.A.,99-38099023-1,Responsable Inscripto,Calle 715 N°1490,Asia,China,Shanghái,Shanghái,Persona Física
Empresa 2526 SAS,97-11042536-7,Responsable Inscripto,Calle 775 N°3498,América,Argentina,Santa Fe,Rosario,Persona Física
Empresa 1319 SRL,61-24559982-7,Régimen Simplificado,Calle 162 N°997,América,Argentina,Santa Fe,Rosario,Persona Física
Persona 1734,88-24027818-2,Responsable Inscripto,Calle 623 N°2626,América,Argentina,Córdoba,Córdoba,Persona Física
Persona 2716,28-63858841-4,Régimen Simplificado,Calle 170 N°1184,América,Argentina,Buenos Aires,Buenos Aires,Persona Física
Persona 2033,84-70624242-6,Régimen Simplificado,Calle 322 N°249,América,Estados Unidos,California,San Francisco,Persona Física
Persona 523,72-48674262-4,Responsable Inscripto,Calle 647 N°3069,América,Brasil,Rio de Janeiro,Rio de Janeiro,Persona Física
Persona 303,34-50007001-6,Responsable Inscripto,Calle 522 N°805,América,Estados Unidos,Texas,Dallas,Persona Física
Persona 1837,87-28023727-7,Régimen Simplificado,Calle 511 N°4999,América,Estados Unidos,Texas,Dallas,Persona Física
Empresa 929 S.A.,91-46790979-3,Régimen Simplificado,Calle 533 N°2437,Asia,China,Pekín,Pekín,Persona Física
Persona 699,29-44187069-6,Régimen Simplificado,Calle 625 N°97,Europa,España,Cataluña,Barcelona,Persona Física
Persona 2720,76-93129886-9,Responsable Inscripto,Calle 697 N°3394,América,Estados Unidos,Texas,Houston,Persona Física
Persona 1540,11-13914235-0,Responsable Inscripto,Calle 167 N°1171,Europa,España,Madrid,Madrid,Persona Física
Empresa 678 SAS,84-44117868-7,Responsable Inscripto,Calle 428 N°2683,Asia,China,Shanghái,Shanghái,Persona Física
Empresa 881 SAS,49-31470815-8,Régimen Simplificado,Calle 1 N°954,Asia,China,Shanghái,Shanghái,Persona Física
Empresa 1331 S.A.,69-11740943-2,IVA Sujeto Exento,Calle 28 N°3885,Europa,España,Cataluña,Barcelona,Persona Jurídica
Persona 155,49-42627842-4,Responsable Inscripto,Calle 412 N°9,América,Estados Unidos,California,Los Ángeles,Persona Física
Empresa 197 S.A.,84-54383426-5,Responsable Inscripto,Calle 173 N°784,Europa,España,Madrid,Madrid,Persona Física
Persona 503,33-45485448-4,Régimen Simplificado,Calle 586 N°4699,América,Argentina,Santa Fe,Rosario,Persona Física
Empresa 1875 S.A.,40-96098348-2,Responsable Inscripto,Calle 566 N°2077,América,Argentina,Córdoba,Córdoba,Persona Física
Empresa 1925 S.A.,68-66691348-5,Responsable Inscripto,Calle 981 N°4925,América,Argentina,Santa Fe,Rosario,Persona Física
Empresa 2110 SAS,82-81002972-9,Responsable Inscripto,Calle 74 N°1865,América,Brasil,São Paulo,São Paulo,Persona Física
Persona 1662,25-55775425-4,Responsable Inscripto,Calle 778 N°3702,Europa,España,Madrid,Madrid,Persona Física
Empresa 1011 SRL,66-65328141-7,Régimen Simplificado,Calle 676 N°462,Asia,China,Pekín,Pekín,Persona Física
Empresa 886 S.A.,36-92444950-2,Responsable Inscripto,Calle 916 N°1639,Asia,China,Shanghái,Shanghái,Persona Física
Persona 1703,99-57206296-9,Responsable Inscripto,Calle 280 N°2681,Asia,China,Pekín,Pekín,Persona Física
Empresa 2267 SRL,68-75181686-0,Responsable Inscripto,Calle 712 N°3963,Europa,España,Madrid,Madrid,Persona Física
Persona 348,39-54765908-5,Responsable Inscripto,Calle 16 N°1123,América,Brasil,Rio de Janeiro,Rio de Janeiro,Persona Física
Persona 2021,23-75236764-3,Responsable Inscripto,Calle 298 N°3079,Asia,China,Pekín,Pekín,Persona Física
Empresa 489 SRL,59-97975157-0,Responsable Inscripto,Calle 387 N°3676,América,Estados Unidos,California,San Francisco,Persona Física
Empresa 1871 SRL,42-65634974-4,IVA Sujeto Exento,Calle 494 N°2018,América,Brasil,São Paulo,São Paulo,Persona Jurídica
Persona 960,69-64957967-7,Responsable Inscripto,Calle 116 N°2908,Asia,China,Pekín,Pekín,Persona Física
Persona 366,53-40850542-1,Responsable Inscripto,Calle 342 N°4287,Europa,España,Cataluña,Barcelona,Persona Física
Persona 534,11-74060754-1,Régimen Simplificado,Calle 201 N°3850,Europa,España,Madrid,Madrid,Persona Física
Empresa 157 SAS,54-55862659-4,IVA Sujeto Exento,Calle 508 N°2622,Europa,España,Madrid,Madrid,Persona Jurídica
Empresa 1208 SRL,16-40987456-4,Régimen Simplificado,Calle 971 N°4133,América,Argentina,Buenos Aires,Buenos Aires,Persona Física
Persona 1103,54-53395354-9,Responsable Inscripto,Calle 983 N°4967,Asia,China,Pekín,Pekín,Persona Física
Empresa 288 SAS,65-52707313-3,Régimen Simplificado,Calle 659 N°1007,América,Argentina,Santa Fe,Rosario,Persona Física
Empresa 2425 SRL,93-15187469-3,IVA Sujeto Exento,Calle 263 N°3892,América,Brasil,Rio de Janeiro,Rio de Janeiro,Persona Jurídica
Persona 1707,78-20073427-2,IVA Sujeto Exento,Calle 601 N°3552,América,Brasil,Rio de Janeiro,Rio de Janeiro,Persona Jurídica
Empresa 63 SAS,51-77009030-4,Régimen Simplificado,Calle 30 N°4848,América,Brasil,São Paulo,São Paulo,Persona Física
Persona 2288,10-30860482-3,Responsable Inscripto,Calle 235 N°4428,Asia,China,Shanghái,Shanghái,Persona Física
Persona 2246,79-12000001-0,Responsable Inscripto,Calle 779 N°1051,Asia,China,Pekín,Pekín,Persona Física
Empresa 1724 SAS,83-47572663-5,IVA Sujeto Exento,Calle 972 N°2483,Asia,China,Shanghái,Shanghái,Persona Jurídica
Persona 2143,64-28881496-1,Régimen Simplificado,Calle 351 N°4604,Europa,España,Madrid,Madrid,Persona Física
Empresa 1107 SAS,31-65735130-3,Responsable Inscripto,Calle 858 N°1222,América,Brasil,Rio de Janeiro,Rio de Janeiro,Persona Física
Empresa 2844 SAS,12-44529688-8,Régimen Simplificado,Calle 149 N°3454,Asia,China,Shanghái,Shanghái,Persona Física
Empresa 1234 SAS,17-78289843-5,Régimen Simplificado,Calle 59 N°2869,Europa,España,Cataluña,Barcelona,Persona Física
Empresa 657 SRL,19-69739046-4,IVA Sujeto Exento,Calle 849 N°4880,Europa,España,Cataluña,Barcelona,Persona Jurídica
Persona 1514,21-48597230-7,Régimen Simplificado,Calle 623 N°1152,América,Brasil,São Paulo,São Paulo,Persona Física
Persona 2201,67-91954295-1,Responsable Inscripto,Calle 387 N°728,Europa,España,Madrid,Madrid,Persona Física
Persona 2873,43-94427447-4,Responsable Inscripto,Calle 305 N°1676,Europa,España,Cataluña,Barcelona,Persona Física
Empresa 570 S.A.,10-93061263-1,Régimen Simplificado,Calle 150 N°867,América,Estados Unidos,California,San Francisco,Persona Física
Empresa 669 SRL,22-68928039-7,Responsable Inscripto,Calle 61 N°4762,Asia,China,Pekín,Pekín,Persona Física
Persona 1241,39-57831929-0,Régimen Simplificado,Calle 905 N°399,Asia,China,Pekín,Pekín,Persona Física
Persona 2113,10-91139900-2,Régimen Simplificado,Calle 636 N°4467,Europa,España,Madrid,Madrid,Persona Física
Empresa 1541 S.A.,72-34008281-5,Régimen Simplificado,Calle 301 N°1725,Europa,España,Madrid,Madrid,Persona Física
Persona 374,68-24098313-8,Régimen Simplificado,Calle 101 N°3276,Asia,China,Pekín,Pekín,Persona Física
Persona 836,75-32281107-8,IVA Sujeto Exento,Calle 244 N°1124,América,Brasil,Rio de Janeiro,Rio de Janeiro,Persona Jurídica
Persona 1237,15-12318780-8,Régimen Simplificado,Calle 839 N°4784,Asia,China,Pekín,Pekín,Persona Física
Empresa 2343 SAS,64-51944183-2,Régimen Simplificado,Calle 164 N°3473,Europa,España,Madrid,Madrid,Persona Física
Empresa 679 SRL,59-84912126-9,Régimen Simplificado,Calle 470 N°812,Europa,España,Cataluña,Barcelona,Persona Física
Empresa 132 S.A.,19-32773772-9,IVA Sujeto Exento,Calle 279 N°3810,Europa,España,Cataluña,Barcelona,Persona Jurídica
Empresa 1099 SAS,37-75153335-8,Responsable Inscripto,Calle 362 N°4393,América,Argentina,Santa Fe,Rosario,Persona Física
Persona 1639,38-27620880-6,Régimen Simplificado,Calle 925 N°3903,Europa,España,Cataluña,Barcelona,Persona Física
Empresa 344 S.A.,20-61484061-4,IVA Sujeto Exento,Calle 781 N°2534,Europa,España,Madrid,Madrid,Persona Jurídica
Empresa 2086 SRL,43-81050144-9,Responsable Inscripto,Calle 272 N°4462,América,Brasil,São Paulo,São Paulo,Persona Física
Empresa 2454 S.A.,74-33074922-1,Responsable Inscripto,Calle 169 N°2977,Europa,España,Madrid,Madrid,Persona Física
Persona 1003,47-60721334-8,Responsable Inscripto,Calle 327 N°1658,Asia,China,Pekín,Pekín,Persona Física
Persona 740,26-74932970-0,Régimen Simplificado,Calle 503 N°1636,América,Argentina,Santa Fe,Rosario,Persona Física
Persona 2732,78-76343362-5,IVA Sujeto Exento,Calle 407 N°152,América,Brasil,São Paulo,São Paulo,Persona Jurídica
Empresa 2611 S.A.,40-46126326-7,IVA Sujeto Exento,Calle 317 N°888,Asia,China,Pekín,Pekín,Persona Jurídica
Empresa 1479 SAS,16-93416888-1,IVA Sujeto Exento,Calle 411 N°3527,América,Argentina,Santa Fe,Rosario,Persona Jurídica
Persona 165,25-13116365-3,Responsable Inscripto,Calle 409 N°2903,Europa,España,Madrid,Madrid,Persona Física
Empresa 1791 S.A.,12-55029662-6,Responsable Inscripto,Calle 444 N°3812,Europa,España,Madrid,Madrid,Persona Física
Persona 1815,74-31743145-5,IVA Sujeto Exento,Calle 187 N°536,Asia,China,Shanghái,Shanghái,Persona Jurídica
Empresa 777 S.A.,36-65667317-0,Régimen Simplificado,Calle 517 N°621,Europa,España,Cataluña,Barcelona,Persona Física
Empresa 1712 S.A.,92-23304790-6,Régimen Simplificado,Calle 983 N°2013,Asia,China,Shanghái,Shanghái,Persona Física
Empresa 498 SRL,57-54732342-4,Régimen Simplificado,Calle 736 N°222,Asia,China,Pekín,Pekín,Persona Física
Empresa 2594 SRL,57-44067214-0,Régimen Simplificado,Calle 555 N°596,Europa,España,Madrid,Madrid,Persona Física
Persona 1151,81-34210018-7,Responsable Inscripto,Calle 939 N°3446,Asia,China,Shanghái,Shanghái,Persona Física
Empresa 2029 SAS,39-79796531-3,IVA Sujeto Exento,Calle 162 N°4160,Asia,China,Pekín,Pekín,Persona Jurídica
Persona 1574,28-66070486-6,Responsable Inscripto,Calle 826 N°329,América,Estados Unidos,Texas,Dallas,Persona Física
Persona 1715,31-28077748-1,Responsable Inscripto,Calle 469 N°4079,Asia,China,Pekín,Pekín,Persona Física
Empresa 217 SAS,77-92012729-0,Responsable Inscripto,Calle 354 N°1889,América,Brasil,São Paulo,São Paulo,Persona Física
Persona 724,58-28126434-5,IVA Sujeto Exento,Calle 221 N°2665,Asia,China,Shanghái,Shanghái,Persona Jurídica
Persona 1517,96-39345120-6,IVA Sujeto Exento,Calle 551 N°3714,Asia,China,Pekín,Pekín,Persona Jurídica
Empresa 1010 SAS,93-19951076-6,Responsable Inscripto,Calle 137 N°325,Europa,España,Cataluña,Barcelona,Persona Física
Empresa 1142 SRL,64-65083304-9,Régimen Simplificado,Calle 45 N°626,Europa,España,Madrid,Madrid,Persona Física
Persona 494,82-31035500-2,Responsable Inscripto,Calle 18 N°4435,América,Estados Unidos,Texas,Houston,Persona Física
Empresa 1233 SAS,44-67605591-6,Responsable Inscripto,Calle 747 N°3301,Europa,España,Cataluña,Barcelona,Persona Física
Empresa 1934 SRL,68-24006856-7,Régimen Simplificado,Calle 621 N°1171,Europa,España,Madrid,Madrid,Persona Física
Empresa 1781 SRL,14-94029379-2,Responsable Inscripto,Calle 526 N°3837,Asia,China,Pekín,Pekín,Persona Física
Persona 913,46-52501453-6,Régimen Simplificado,Calle 856 N°1991,América,Argentina,Santa Fe,Rosario,Persona Física
Persona 1039,67-20760831-7,IVA Sujeto Exento,Calle 21 N°2254,Asia,China,Shanghái,Shanghái,Persona Jurídica
Persona 2356,10-82893270-2,IVA Sujeto Exento,Calle 673 N°4147,Asia,China,Shanghái,Shanghái,Persona Jurídica
Empresa 2810 SAS,70-18015602-9,IVA Sujeto Exento,Calle 887 N°4470,Asia,China,Shanghái,Shanghái,Persona Jurídica
Persona 1860,33-80959587-8,Responsable Inscripto,Calle 443 N°12,América,Estados Unidos,California,San Francisco,Persona Física
Empresa 50 S.A.,30-99482197-6,IVA Sujeto Exento,Calle 588 N°3936,Europa,España,Cataluña,Barcelona,Persona Jurídica
Empresa 571 SAS,73-20396991-4,Responsable Inscripto,Calle 867 N°1913,América,Brasil,Rio de Janeiro,Rio de Janeiro,Persona Física
Persona 2224,15-54266394-7,Régimen Simplificado,Calle 915 N°98,Asia,China,Shanghái,Shanghái,Persona Física
Persona 2217,31-39466881-7,IVA Sujeto Exento,Calle 143 N°4096,América,Argentina,Buenos Aires,Buenos Aires,Persona Jurídica
Empresa 1560 SAS,96-81978763-1,IVA Sujeto Exento,Calle 312 N°761,América,Brasil,São Paulo,São Paulo,Persona Jurídica
Empresa 1270 SRL,61-50188530-5,Responsable Inscripto,Calle 934 N°4200,Europa,España,Cataluña,Barcelona,Persona Física
Empresa 126 SAS,75-99441517-5,Régimen Simplificado,Calle 338 N°1772,Europa,España,Madrid,Madrid,Persona Física
Persona 2449,20-40796170-4,Régimen Simplificado,Calle 718 N°56,Asia,China,Pekín,Pekín,Persona Física
Empresa 2718 SAS,80-73574072-4,IVA Sujeto Exento,Calle 111 N°2111,Europa,España,Madrid,Madrid,Persona Jurídica
Empresa 1453 S.A.,19-66527425-9,Régimen Simplificado,Calle 580 N°4233,Asia,China,Pekín,Pekín,Persona Física
Persona 859,66-50578436-9,Responsable Inscripto,Calle 571 N°2365,Europa,España,Madrid,Madrid,Persona Física
Persona 2543,30-67749466-6,IVA Sujeto Exento,Calle 353 N°2806,Europa,España,Madrid,Madrid,Persona Jurídica
Empresa 2419 SAS,34-54261721-2,IVA Sujeto Exento,Calle 795 N°240,América,Brasil,São Paulo,São Paulo,Persona Jurídica
Persona 1884,16-40577511-3,IVA Sujeto Exento,Calle 671 N°1273,Europa,España,Madrid,Madrid,Persona Jurídica
Empresa 1321 S.A.,40-46010193-8,Régimen Simplificado,Calle 850 N°3261,Europa,España,Madrid,Madrid,Persona Física
Empresa 986 SRL,64-40482674-4,Responsable Inscripto,Calle 333 N°4892,Asia,China,Shanghái,Shanghái,Persona Física
Empresa 1338 S.A.,29-19300817-2,IVA Sujeto Exento,Calle 671 N°2438,Europa,España,Cataluña,Barcelona,Persona Jurídica
Empresa 216 S.A.,80-54344581-3,Régimen Simplificado,Calle 803 N°1542,Europa,España,Cataluña,Barcelona,Persona Física
Empresa 2442 S.A.,37-60255124-8,IVA Sujeto Exento,Calle 686 N°2362,Europa,España,Madrid,Madrid,Persona Jurídica
Persona 1675,75-59573796-2,IVA Sujeto Exento,Calle 475 N°1279,Europa,España,Madrid,Madrid,Persona Jurídica
Empresa 2946 SAS,40-29839586-6,IVA Sujeto Exento,Calle 389 N°3954,América,Argentina,Córdoba,Córdoba,Persona Jurídica
Empresa 2590 SRL,86-64545431-5,Régimen Simplificado,Calle 558 N°3775,América,Argentina,Buenos Aires,Buenos Aires,Persona Física
Empresa 2733 SAS,86-72592470-8,Régimen Simplificado,Calle 226 N°3030,Asia,China,Shanghái,Shanghái,Persona Física
Empresa 2394 SAS,88-88963091-4,Responsable Inscripto,Calle 130 N°608,Europa,España,Cataluña,Barcelona,Persona Física
Empresa 515 SAS,16-49741784-2,IVA Sujeto Exento,Calle 54 N°4099,Asia,China,Pekín,Pekín,Persona Jurídica
Empresa 272 S.A.,61-39081804-6,IVA Sujeto Exento,Calle 836 N°1735,América,Estados Unidos,Texas,Dallas,Persona Jurídica
Persona 416,70-12281632-0,Responsable Inscripto,Calle 804 N°3371,América,Brasil,São Paulo,São Paulo,Persona Física
Persona 610,21-91728357-2,Régimen Simplificado,Calle 382 N°2900,Europa,España,Cataluña,Barcelona,Persona Física
Persona 1877,80-57545592-8,Régimen Simplificado,Calle 771 N°237,Europa,España,Madrid,Madrid,Persona Física
Persona 1607,84-12353543-2,Responsable Inscripto,Calle 71 N°4372,Asia,China,Pekín,Pekín,Persona Física
Persona 134,72-87276855-2,Régimen Simplificado,Calle 198 N°1281,Asia,China,Shanghái,Shanghái,Persona Física
Persona 2302,51-78673288-3,Régimen Simplificado,Calle 147 N°3050,Asia,China,Pekín,Pekín,Persona Física
Empresa 1534 SAS,98-65218323-6,Responsable Inscripto,Calle 375 N°2619,América,Brasil,São Paulo,São Paulo,Persona Física
Persona 195,70-24465052-6,IVA Sujeto Exento,Calle 803 N°4182,Asia,China,Shanghái,Shanghái,Persona Jurídica
Empresa 652 S.A.,91-12646938-0,Responsable Inscripto,Calle 806 N°1938,Europa,España,Cataluña,Barcelona,Persona Física
Persona 1217,47-27192559-0,Régimen Simplificado,Calle 55 N°2381,Asia,China,Shanghái,Shanghái,Persona Física
Persona 2068,44-69133816-2,Responsable Inscripto,Calle 207 N°3349,Asia,China,Pekín,Pekín,Persona Física
Empresa 920 SAS,49-64398627-8,Régimen Simplificado,Calle 468 N°2406,Asia,China,Shanghái,Shanghái,Persona Física
Persona 2141,97-43257143-8,IVA Sujeto Exento,Calle 767 N°3755,Europa,España,Madrid,Madrid,Persona Jurídica
Empresa 1085 S.A.,18-82222140-8,IVA Sujeto Exento,Calle 12 N°1474,América,Brasil,São Paulo,São Paulo,Persona Jurídica
Empresa 214 S.A.,27-53358980-2,Régimen Simplificado,Calle 266 N°1878,América,Brasil,Rio de Janeiro,Rio de Janeiro,Persona Física
Persona 1073,20-77052589-7,Régimen Simplificado,Calle 321 N°2414,América,Estados Unidos,California,San Francisco,Persona Física
Empresa 902 S.A.,10-80690235-5,IVA Sujeto Exento,Calle 64 N°2720,América,Estados Unidos,Texas,Dallas,Persona Jurídica
Empresa 639 SAS,36-95087610-6,IVA Sujeto Exento,Calle 607 N°1604,Asia,China,Pekín,Pekín,Persona Jurídica
Empresa 2416 S.A.,24-91073844-3,Responsable Inscripto,Calle 821 N°1335,Asia,China,Shanghái,Shanghái,Persona Física
Persona 2909,82-45446688-7,Régimen Simplificado,Calle 236 N°682,Asia,China,Shanghái,Shanghái,Persona Física
Empresa 2471 SRL,92-21154639-3,Régimen Simplificado,Calle 671 N°1651,América,Argentina,Santa Fe,Rosario,Persona Física
Empresa 1663 SAS,59-86395230-2,Responsable Inscripto,Calle 40 N°2368,Asia,China,Pekín,Pekín,Persona Física
Persona 2955,91-59245564-9,Régimen Simplificado,Calle 176 N°4672,Europa,España,Madrid,Madrid,Persona Física
Persona 1587,91-73980172-8,Responsable Inscripto,Calle 594 N°3936,Asia,China,Shanghái,Shanghái,Persona Física
Empresa 1006 SAS,46-68223363-8,IVA Sujeto Exento,Calle 58 N°850,Europa,España,Cataluña,Barcelona,Persona Jurídica
Empresa 536 SRL,88-46938850-5,Régimen Simplificado,Calle 76 N°4170,América,Brasil,Rio de Janeiro,Rio de Janeiro,Persona Física
Empresa 2119 SAS,40-48272196-2,Responsable Inscripto,Calle 861 N°3545,Europa,España,Madrid,Madrid,Persona Física
Empresa 2992 S.A.,38-54614621-9,Responsable Inscripto,Calle 196 N°794,Europa,España,Cataluña,Barcelona,Persona Física
Persona 477,14-73701449-2,IVA Sujeto Exento,Calle 259 N°183,Asia,China,Shanghái,Shanghái,Persona Jurídica
Persona 1061,51-51398530-9,IVA Sujeto Exento,Calle 176 N°4610,Asia,China,Shanghái,Shanghái,Persona Jurídica
Persona 607,96-55157321-4,Responsable Inscripto,Calle 696 N°2713,América,Estados Unidos,Texas,Dallas,Persona Física
Persona 763,63-61208923-9,Régimen Simplificado,Calle 39 N°4782,Asia,China,Shanghái,Shanghái,Persona Física
Persona 624,34-29525398-7,Responsable Inscripto,Calle 667 N°137,Europa,España,Cataluña,Barcelona,Persona Física
Empresa 2954 S.A.,81-52872792-5,Responsable Inscripto,Calle 549 N°4609,América,Brasil,São Paulo,São Paulo,Persona Física
Persona 2756,88-47747757-8,IVA Sujeto Exento,Calle 954 N°2728,América,Argentina,Buenos Aires,Buenos Aires,Persona Jurídica
Empresa 2342 SRL,65-31296467-0,Responsable Inscripto,Calle 528 N°3888,América,Argentina,Buenos Aires,Buenos Aires,Persona Física
Empresa 1452 SRL,32-61455770-9,Régimen Simplificado,Calle 791 N°4925,América,Estados Unidos,California,Los Ángeles,Persona Física
Empresa 2119 S.A.,38-67311355-2,Régimen Simplificado,Calle 118 N°2816,Asia,China,Pekín,Pekín,Persona Física
Empresa 196 SRL,12-87737996-2,Régimen Simplificado,Calle 846 N°2697,Asia,China,Pekín,Pekín,Persona Física
Empresa 734 SRL,53-13264401-1,IVA Sujeto Exento,Calle 91 N°3128,América,Brasil,São Paulo,São Paulo,Persona Jurídica
Empresa 737 SAS,88-11457018-3,IVA Sujeto Exento,Calle 873 N°2037,América,Argentina,Buenos Aires,Buenos Aires,Persona Jurídica
Empresa 467 S.A.,52-10047569-4,IVA Sujeto Exento,Calle 663 N°4348,Asia,China,Pekín,Pekín,Persona Jurídica
Persona 915,59-63309925-1,Régimen Simplificado,Calle 123 N°4954,Asia,China,Pekín,Pekín,Persona Física
Empresa 2581 SAS,10-78654283-7,Régimen Simplificado,Calle 411 N°1396,América,Brasil,Rio de Janeiro,Rio de Janeiro,Persona Física
Persona 837,28-15812680-0,Responsable Inscripto,Calle 439 N°4965,América,Argentina,Santa Fe,Rosario,Persona Física
Persona 953,49-57493613-2,Régimen Simplificado,Calle 672 N°232,Asia,China,Pekín,Pekín,Persona Física
Persona 1706,58-50953664-0,IVA Sujeto Exento,Calle 841 N°3582,Europa,España,Madrid,Madrid,Persona Jurídica
Empresa 1739 S.A.,83-13565672-2,Responsable Inscripto,Calle 216 N°2243,Asia,China,Pekín,Pekín,Persona Física
Persona 1438,97-66032127-3,Régimen Simplificado,Calle 819 N°2670,Europa,España,Cataluña,Barcelona,Persona Física
Empresa 2850 SRL,52-96535381-9,Responsable Inscripto,Calle 598 N°2222,Asia,China,Shanghái,Shanghái,Persona Física
Persona 2675,41-79593024-6,Régimen Simplificado,Calle 834 N°2120,Asia,China,Shanghái,Shanghái,Persona Física
Empresa 2855 SRL,43-48447027-1,Régimen Simplificado,Calle 860 N°2424,Asia,China,Shanghái,Shanghái,Persona Física
Persona 1861,80-89518980-2,IVA Sujeto Exento,Calle 377 N°2434,Asia,China,Pekín,Pekín,Persona Jurídica
Empresa 514 S.A.,33-15090299-0,Régimen Simplificado,Calle 540 N°3779,Europa,España,Madrid,Madrid,Persona Física
Persona 28,74-91603471-9,Régimen Simplificado,Calle 382 N°4343,Asia,China,Pekín,Pekín,Persona Física
Persona 1355,49-94500332-1,Responsable Inscripto,Calle 23 N°4559,Asia,China,Shanghái,Shanghái,Persona Física
Empresa 2797 SAS,61-72928909-0,Régimen Simplificado,Calle 304 N°4973,América,Estados Unidos,California,Los Ángeles,Persona Física
Persona 2350,90-84253369-6,IVA Sujeto Exento,Calle 319 N°44,América,Argentina,Buenos Aires,Buenos Aires,Persona Jurídica
Persona 2078,93-40985404-6,Responsable Inscripto,Calle 642 N°2782,Asia,China,Shanghái,Shanghái,Persona Física
Empresa 2721 S.A.,89-63239704-4,IVA Sujeto Exento,Calle 379 N°1206,Europa,España,Madrid,Madrid,Persona Jurídica
Persona 178,31-87299784-0,Régimen Simplificado,Calle 462 N°3204,Asia,China,Shanghái,Shanghái,Persona Física
Persona 897,41-28194495-2,Responsable Inscripto,Calle 618 N°1732,Europa,España,Cataluña,Barcelona,Persona Física
Empresa 1503 SRL,97-26053072-8,Régimen Simplificado,Calle 331 N°4707,Europa,España,Madrid,Madrid,Persona Física
Empresa 481 SRL,10-51087792-3,Régimen Simplificado,Calle 564 N°2022,Asia,China,Pekín,Pekín,Persona Física
Empresa 55 SRL,21-38219663-1,IVA Sujeto Exento,Calle 106 N°1183,América,Estados Unidos,Texas,Houston,Persona Jurídica
Persona 1492,17-66223363-8,Régimen Simplificado,Calle 51 N°1522,Europa,España,Cataluña,Barcelona,Persona Física
Persona 2331,26-73336482-8,Régimen Simplificado,Calle 385 N°3985,Europa,España,Cataluña,Barcelona,Persona Física
Persona 128,76-21227093-8,Responsable Inscripto,Calle 703 N°72,América,Argentina,Buenos Aires,Buenos Aires,Persona Física
Empresa 2998 S.A.,17-86889899-0,IVA Sujeto Exento,Calle 956 N°896,Europa,España,Madrid,Madrid,Persona Jurídica
Persona 1216,91-37931560-4,IVA Sujeto Exento,Calle 338 N°2948,Europa,España,Madrid,Madrid,Persona Jurídica
Persona 974,84-26982391-7,Régimen Simplificado,Calle 292 N°1259,América,Argentina,Córdoba,Córdoba,Persona Física
Empresa 611 SAS,69-69959140-5,Responsable Inscripto,Calle 101 N°476,Europa,España,Madrid,Madrid,Persona Física
Empresa 1905 SAS,87-37281199-7,Responsable Inscripto,Calle 337 N°4200,Europa,España,Madrid,Madrid,Persona Física
Empresa 616 SAS,22-93112886-7,Régimen Simplificado,Calle 883 N°479,América,Argentina,Santa Fe,Rosario,Persona Física
Empresa 2455 SRL,56-84061084-9,IVA Sujeto Exento,Calle 756 N°2772,Asia,China,Pekín,Pekín,Persona Jurídica
Persona 2266,28-27626648-5,IVA Sujeto Exento,Calle 93 N°4762,América,Brasil,Rio de Janeiro,Rio de Janeiro,Persona Jurídica
Persona 563,51-99573451-0,Responsable Inscripto,Calle 676 N°3068,América,Brasil,São Paulo,São Paulo,Persona Física
Persona 1002,26-91712809-3,Régimen Simplificado,Calle 405 N°2776,América,Estados Unidos,California,Los Ángeles,Persona Física
Persona 1667,70-69847558-0,IVA Sujeto Exento,Calle 889 N°314,América,Brasil,Rio de Janeiro,Rio de Janeiro,Persona Jurídica
Persona 2190,74-70344245-4,IVA Sujeto Exento,Calle 870 N°3939,Asia,China,Shanghái,Shanghái,Persona Jurídica
Empresa 2233 S.A.,38-81922635-2,Régimen Simplificado,Calle 230 N°1050,Asia,China,Pekín,Pekín,Persona Física
Persona 2055,22-21174785-4,Régimen Simplificado,Calle 114 N°1819,América,Brasil,São Paulo,São Paulo,Persona Física
Persona 2429,86-50558003-8,IVA Sujeto Exento,Calle 862 N°2437,Europa,España,Madrid,Madrid,Persona Jurídica
Empresa 1911 SRL,47-62729198-3,Régimen Simplificado,Calle 17 N°1240,Asia,China,Pekín,Pekín,Persona Física
Persona 1391,17-14893189-4,Régimen Simplificado,Calle 868 N°3682,Europa,España,Cataluña,Barcelona,Persona Física
Persona 2767,61-99106541-2,Responsable Inscripto,Calle 678 N°3831,Asia,China,Shanghái,Shanghái,Persona Física
Persona 2746,41-77581610-5,IVA Sujeto Exento,Calle 50 N°2817,Europa,España,Cataluña,Barcelona,Persona Jurídica
Empresa 2323 SRL,62-82343859-7,IVA Sujeto Exento,Calle 415 N°3554,América,Brasil,Rio de Janeiro,Rio de Janeiro,Persona Jurídica
Empresa 1486 SRL,37-51067245-5,Responsable Inscripto,Calle 172 N°4256,América,Brasil,São Paulo,São Paulo,Persona Física
Persona 1194,51-30706744-2,IVA Sujeto Exento,Calle 932 N°626,Europa,España,Madrid,Madrid,Persona Jurídica
Empresa 2642 SRL,50-25935699-3,IVA Sujeto Exento,Calle 964 N°3518,América,Estados Unidos,California,Los Ángeles,Persona Jurídica
Persona 2496,36-47563605-7,Régimen Simplificado,Calle 400 N°3324,América,Brasil,Rio de Janeiro,Rio de Janeiro,Persona Física
Empresa 2114 SAS,92-32184898-5,Responsable Inscripto,Calle 712 N°520,Asia,China,Pekín,Pekín,Persona Física
Persona 958,56-99499770-5,IVA Sujeto Exento,Calle 884 N°3716,Europa,España,Madrid,Madrid,Persona Jurídica
Empresa 623 SRL,29-57348541-5,Responsable Inscripto,Calle 194 N°1694,Asia,China,Shanghái,Shanghái,Persona Física
Empresa 205 SRL,15-80304325-7,IVA Sujeto Exento,Calle 501 N°3104,América,Estados Unidos,Texas,Houston,Persona Jurídica
Empresa 2980 S.A.,58-83995898-4,IVA Sujeto Exento,Calle 498 N°4778,América,Brasil,Rio de Janeiro,Rio de Janeiro,Persona Jurídica
Persona 1980,35-18362131-0,IVA Sujeto Exento,Calle 276 N°4393,América,Estados Unidos,California,Los Ángeles,Persona Jurídica
Empresa 2954 SAS,74-14791551-6,Régimen Simplificado,Calle 368 N°3037,Asia,China,Pekín,Pekín,Persona Física
Persona 1982,93-47325422-1,Responsable Inscripto,Calle 613 N°2977,Asia,China,Pekín,Pekín,Persona Física
Empresa 1004 SRL,61-73565954-8,IVA Sujeto Exento,Calle 645 N°2290,Asia,China,Shanghái,Shanghái,Persona Jurídica
Persona 1596,94-99547514-4,Responsable Inscripto,Calle 946 N°1545,Asia,China,Shanghái,Shanghái,Persona Física
Persona 2937,40-73455202-4,IVA Sujeto Exento,Calle 389 N°4525,Europa,España,Cataluña,Barcelona,Persona Jurídica
Empresa 2298 S.A.,83-36201284-9,Régimen Simplificado,Calle 265 N°831,Europa,España,Madrid,Madrid,Persona Física
Persona 1905,31-67837872-0,Responsable Inscripto,Calle 40 N°712,Europa,España,Cataluña,Barcelona,Persona Física
Empresa 2869 SRL,76-70194179-5,Responsable Inscripto,Calle 473 N°4693,América,Estados Unidos,Texas,Dallas,Persona Física
Persona 2613,52-26720590-7,Régimen Simplificado,Calle 899 N°2605,Europa,España,Cataluña,Barcelona,Persona Física
Persona 1370,81-80803047-6,IVA Sujeto Exento,Calle 540 N°4634,Asia,China,Shanghái,Shanghái,Persona Jurídica
Empresa 1821 SRL,94-98157931-4,IVA Sujeto Exento,Calle 735 N°2021,Asia,China,Pekín,Pekín,Persona Jurídica
Persona 406,11-99250789-1,Responsable Inscripto,Calle 26 N°656,Asia,China,Shanghái,Shanghái,Persona Física
Persona 2550,69-17873342-8,Régimen Simplificado,Calle 927 N°4387,América,Estados Unidos,California,San Francisco,Persona Física
Persona 151,14-67593948-8,Responsable Inscripto,Calle 399 N°250,Europa,España,Cataluña,Barcelona,Persona Física
Empresa 1741 S.A.,45-34351347-8,Responsable Inscripto,Calle 617 N°4193,América,Argentina,Buenos Aires,Buenos Aires,Persona Física
Empresa 2691 SRL,45-63219122-6,IVA Sujeto Exento,Calle 525 N°2359,América,Estados Unidos,California,Los Ángeles,Persona Jurídica
Persona 590,58-33619148-6,IVA Sujeto Exento,Calle 233 N°4645,Asia,China,Shanghái,Shanghái,Persona Jurídica
Persona 2350,87-53978528-3,IVA Sujeto Exento,Calle 271 N°904,Asia,China,Pekín,Pekín,Persona Jurídica
Persona 2235,60-19404062-7,Régimen Simplificado,Calle 748 N°2247,América,Brasil,São Paulo,São Paulo,Persona Física
Empresa 983 SRL,55-10116027-1,Responsable Inscripto,Calle 800 N°3970,Europa,España,Cataluña,Barcelona,Persona Física
Persona 887,37-50326101-6,Régimen Simplificado,Calle 283 N°833,Europa,España,Cataluña,Barcelona,Persona Física
Empresa 1000 SAS,43-81914395-8,Responsable Inscripto,Calle 638 N°4516,Europa,España,Cataluña,Barcelona,Persona Física
Persona 791,98-72031962-2,Responsable Inscripto,Calle 124 N°3815,Europa,España,Madrid,Madrid,Persona Física
Empresa 1068 S.A.,88-88940504-4,Régimen Simplificado,Calle 108 N°1585,Asia,China,Shanghái,Shanghái,Persona Física
Persona 1797,40-84400762-1,Régimen Simplificado,Calle 159 N°960,América,Estados Unidos,California,San Francisco,Persona Física
Empresa 1592 SRL,19-47787647-9,Responsable Inscripto,Calle 321 N°795,América,Argentina,Buenos Aires,Buenos Aires,Persona Física
Persona 450,65-72378382-5,Responsable Inscripto,Calle 137 N°2430,Europa,España,Madrid,Madrid,Persona Física
Empresa 2545 SAS,52-48416524-5,Responsable Inscripto,Calle 686 N°2166,Asia,China,Shanghái,Shanghái,Persona Física
Empresa 876 SAS,14-37776105-5,IVA Sujeto Exento,Calle 486 N°1104,América,Estados Unidos,Texas,Dallas,Persona Jurídica
Empresa 2084 S.A.,31-10170246-0,IVA Sujeto Exento,Calle 730 N°1450,América,Estados Unidos,Texas,Dallas,Persona Jurídica
Empresa 1211 S.A.,37-82574059-8,Responsable Inscripto,Calle 386 N°2325,América,Estados Unidos,Texas,Houston,Persona Física
Persona 1954,83-25859552-7,Régimen Simplificado,Calle 644 N°172,América,Argentina,Santa Fe,Rosario,Persona Física
Persona 808,35-96517319-9,Régimen Simplificado,Calle 853 N°3909,Europa,España,Cataluña,Barcelona,Persona Física
Persona 2834,36-54377176-4,IVA Sujeto Exento,Calle 743 N°2599,Europa,España,Madrid,Madrid,Persona Jurídica
Persona 902,51-56257672-5,Responsable Inscripto,Calle 686 N°292,Asia,China,Shanghái,Shanghái,Persona Física
Empresa 1889 SAS,18-28321117-2,IVA Sujeto Exento,Calle 149 N°4660,Europa,España,Cataluña,Barcelona,Persona Jurídica
Empresa 1970 SRL,54-89880039-3,Régimen Simplificado,Calle 436 N°2907,Europa,España,Cataluña,Barcelona,Persona Física
Persona 80,18-84249661-8,IVA Sujeto Exento,Calle 465 N°4009,Asia,China,Shanghái,Shanghái,Persona Jurídica
Empresa 2030 S.A.,27-88733392-8,Régimen Simplificado,Calle 422 N°1641,Asia,China,Shanghái,Shanghái,Persona Física
Persona 1727,82-36397061-7,Régimen Simplificado,Calle 657 N°1441,América,Argentina,Buenos Aires,Buenos Aires,Persona Física
Persona 2683,21-87284477-7,Régimen Simplificado,Calle 2 N°4171,Asia,China,Pekín,Pekín,Persona Física
Persona 766,83-14196301-8,Responsable Inscripto,Calle 681 N°238,Europa,España,Cataluña,Barcelona,Persona Física
Empresa 422 SAS,37-83893037-4,Responsable Inscripto,Calle 753 N°2706,Asia,China,Shanghái,Shanghái,Persona Física
Empresa 2899 SRL,67-54882512-2,Responsable Inscripto,Calle 741 N°1323,Asia,China,Shanghái,Shanghái,Persona Física
Persona 2300,86-55277539-1,Régimen Simplificado,Calle 657 N°1358,Europa,España,Madrid,Madrid,Persona Física
Empresa 878 SAS,22-41658348-5,Responsable Inscripto,Calle 939 N°1405,Europa,España,Madrid,Madrid,Persona Física
Empresa 1863 S.A.,14-26009382-2,Responsable Inscripto,Calle 48 N°2648,Europa,España,Cataluña,Barcelona,Persona Física
Persona 1183,85-12114145-2,IVA Sujeto Exento,Calle 173 N°3408,Asia,China,Shanghái,Shanghái,Persona Jurídica
Empresa 1382 SRL,15-23123980-1,IVA Sujeto Exento,Calle 218 N°1507,Asia,China,Pekín,Pekín,Persona Jurídica
Empresa 2108 S.A.,75-18200437-3,Responsable Inscripto,Calle 291 N°250,Europa,España,Madrid,Madrid,Persona Física
Persona 972,85-95501920-8,Régimen Simplificado,Calle 196 N°2964,Europa,España,Madrid,Madrid,Persona Física
Empresa 1970 SAS,14-92174056-2,Régimen Simplificado,Calle 138 N°2452,Europa,España,Madrid,Madrid,Persona Física
Persona 730,17-95725876-2,Régimen Simplificado,Calle 359 N°1976,América,Argentina,Córdoba,Córdoba,Persona Física
Persona 71,11-41039628-5,Régimen Simplificado,Calle 280 N°3547,América,Brasil,São Paulo,São Paulo,Persona Física
Empresa 2019 SRL,33-33092693-2,Régimen Simplificado,Calle 177 N°1734,Asia,China,Pekín,Pekín,Persona Física
Persona 351,90-77782578-6,Régimen Simplificado,Calle 218 N°2732,Asia,China,Shanghái,Shanghái,Persona Física
Persona 2259,55-20424175-4,IVA Sujeto Exento,Calle 365 N°3478,América,Estados Unidos,Texas,Houston,Persona Jurídica
Persona 191,46-29847230-6,Régimen Simplificado,Calle 976 N°3213,Europa,España,Madrid,Madrid,Persona Física
Persona 2277,86-56020231-1,Régimen Simplificado,Calle 760 N°805,América,Brasil,Rio de Janeiro,Rio de Janeiro,Persona Física
Empresa 706 SAS,61-55374457-5,Régimen Simplificado,Calle 830 N°827,Europa,España,Cataluña,Barcelona,Persona Física
Persona 2544,55-12476597-6,Responsable Inscripto,Calle 982 N°2368,América,Argentina,Santa Fe,Rosario,Persona Física
Persona 2727,44-88931511-8,IVA Sujeto Exento,Calle 816 N°4212,Asia,China,Shanghái,Shanghái,Persona Jurídica
Empresa 1176 S.A.,35-87311986-9,Responsable Inscripto,Calle 812 N°3303,América,Argentina,Córdoba,Córdoba,Persona Física
Empresa 2580 SRL,89-23553817-0,Régimen Simplificado,Calle 678 N°4827,Asia,China,Pekín,Pekín,Persona Física
Empresa 2595 SAS,27-84869324-2,IVA Sujeto Exento,Calle 706 N°1375,América,Estados Unidos,Texas,Dallas,Persona Jurídica
Persona 1841,29-27950345-4,IVA Sujeto Exento,Calle 534 N°2866,Asia,China,Pekín,Pekín,Persona Jurídica
Persona 1370,84-17019753-3,Régimen Simplificado,Calle 450 N°3181,América,Estados Unidos,California,San Francisco,Persona Física
Empresa 2694 S.A.,82-48895532-0,Responsable Inscripto,Calle 979 N°1262,Europa,España,Madrid,Madrid,Persona Física
Empresa 2078 S.A.,92-51032852-8,Responsable Inscripto,Calle 844 N°2875,América,Brasil,São Paulo,São Paulo,Persona Física
Empresa 2975 SAS,11-11110622-0,Régimen Simplificado,Calle 161 N°4786,Europa,España,Madrid,Madrid,Persona Física
Persona 2129,84-92857352-6,Responsable Inscripto,Calle 558 N°522,Europa,España,Madrid,Madrid,Persona Física
Persona 150,82-44679346-1,Responsable Inscripto,Calle 314 N°1780,América,Argentina,Buenos Aires,Buenos Aires,Persona Física
Empresa 2860 SAS,17-14885815-3,IVA Sujeto Exento,Calle 972 N°2727,Europa,España,Cataluña,Barcelona,Persona Jurídica
Empresa 663 SRL,17-27837218-7,IVA Sujeto Exento,Calle 331 N°4203,Asia,China,Shanghái,Shanghái,Persona Jurídica
Persona 2662,35-17640192-1,Régimen Simplificado,Calle 377 N°1128,Europa,España,Madrid,Madrid,Persona Física
Empresa 1985 S.A.,29-25796111-3,IVA Sujeto Exento,Calle 503 N°4434,América,Brasil,Rio de Janeiro,Rio de Janeiro,Persona Jurídica
Persona 73,76-23042343-5,Régimen Simplificado,Calle 550 N°2009,Europa,España,Cataluña,Barcelona,Persona Física
Empresa 1270 S.A.,64-56820658-8,Régimen Simplificado,Calle 950 N°3963,América,Argentina,Córdoba,Córdoba,Persona Física
Persona 1316,12-91443511-9,Régimen Simplificado,Calle 337 N°4548,América,Brasil,São Paulo,São Paulo,Persona Física
Empresa 2813 S.A.,34-40209416-6,Régimen Simplificado,Calle 729 N°1925,Europa,España,Madrid,Madrid,Persona Física
Empresa 2997 S.A.,24-95541230-4,Régimen Simplificado,Calle 707 N°789,Europa,España,Madrid,Madrid,Persona Física
Empresa 1600 S.A.,38-39410764-1,IVA Sujeto Exento,Calle 614 N°1737,Europa,España,Cataluña,Barcelona,Persona Jurídica
Persona 2353,63-42447564-5,Responsable Inscripto,Calle 428 N°432,América,Brasil,Rio de Janeiro,Rio de Janeiro,Persona Física
Persona 1031,58-88205417-9,Régimen Simplificado,Calle 712 N°2343,Asia,China,Pekín,Pekín,Persona Física
Persona 376,55-95948802-2,Régimen Simplificado,Calle 926 N°565,América,Brasil,São Paulo,São Paulo,Persona Física
Persona 1568,93-13190076-5,Responsable Inscripto,Calle 986 N°592,Asia,China,Pekín,Pekín,Persona Física
Empresa 939 SAS,78-23869780-8,Responsable Inscripto,Calle 375 N°2300,Europa,España,Madrid,Madrid,Persona Física
Persona 499,70-37394424-6,IVA Sujeto Exento,Calle 453 N°1442,Europa,España,Cataluña,Barcelona,Persona Jurídica
Persona 2598,46-75086487-1,IVA Sujeto Exento,Calle 455 N°282,América,Estados Unidos,Texas,Dallas,Persona Jurídica
Empresa 215 SRL,99-75699533-3,Régimen Simplificado,Calle 481 N°4818,Asia,China,Pekín,Pekín,Persona Física
Empresa 2575 S.A.,40-21575283-4,Régimen Simplificado,Calle 494 N°341,Asia,China,Shanghái,Shanghái,Persona Física
Persona 1898,61-44263657-8,Responsable Inscripto,Calle 147 N°1150,Asia,China,Pekín,Pekín,Persona Física
Empresa 1598 SAS,98-98387810-4,Régimen Simplificado,Calle 748 N°3535,Asia,China,Pekín,Pekín,Persona Física
Persona 2235,36-98546635-0,Régimen Simplificado,Calle 976 N°2591,Asia,China,Pekín,Pekín,Persona Física
Empresa 1971 S.A.,61-40622624-3,Régimen Simplificado,Calle 182 N°305,Europa,España,Cataluña,Barcelona,Persona Física
Persona 160,58-16496388-7,Régimen Simplificado,Calle 888 N°770,Asia,China,Shanghái,Shanghái,Persona Física
Empresa 2972 SAS,89-11447998-2,Responsable Inscripto,Calle 400 N°4056,Asia,China,Shanghái,Shanghái,Persona Física
Empresa 1057 SRL,34-71263185-3,Responsable Inscripto,Calle 781 N°1454,Asia,China,Pekín,Pekín,Persona Física
Persona 2531,82-30131888-0,Régimen Simplificado,Calle 155 N°4984,Europa,España,Madrid,Madrid,Persona Física
Empresa 1066 S.A.,63-90960008-0,Régimen Simplificado,Calle 191 N°3480,Europa,España,Madrid,Madrid,Persona Física
Empresa 1837 S.A.,67-28322796-3,Responsable Inscripto,Calle 404 N°1676,Asia,China,Shanghái,Shanghái,Persona Física
Persona 809,14-79612831-1,Responsable Inscripto,Calle 190 N°2708,Asia,China,Pekín,Pekín,Persona Física
Empresa 960 SRL,92-70771251-3,IVA Sujeto Exento,Calle 738 N°1919,América,Argentina,Buenos Aires,Buenos Aires,Persona Jurídica
Persona 1669,37-99655313-9,Responsable Inscripto,Calle 592 N°1803,Europa,España,Cataluña,Barcelona,Persona Física
Persona 1578,18-84329957-3,IVA Sujeto Exento,Calle 342 N°2633,América,Estados Unidos,California,San Francisco,Persona Jurídica
Empresa 1062 S.A.,18-64193188-1,Responsable Inscripto,Calle 23 N°35,América,Estados Unidos,California,Los Ángeles,Persona Física
Persona 2828,28-77678688-5,Régimen Simplificado,Calle 447 N°2623,Europa,España,Madrid,Madrid,Persona Física
Empresa 2254 SRL,32-98927887-3,Responsable Inscripto,Calle 368 N°3042,América,Estados Unidos,California,San Francisco,Persona Física
Empresa 1739 SRL,37-39718267-3,Responsable Inscripto,Calle 642 N°3882,Asia,China,Pekín,Pekín,Persona Física
Empresa 744 SRL,58-67371551-7,IVA Sujeto Exento,Calle 333 N°4916,Asia,China,Pekín,Pekín,Persona Jurídica
Empresa 2429 SAS,35-12136203-7,Régimen Simplificado,Calle 869 N°3862,Europa,España,Cataluña,Barcelona,Persona Física
Empresa 496 SAS,25-54337385-0,Régimen Simplificado,Calle 889 N°4348,Asia,China,Shanghái,Shanghái,Persona Física
Empresa 2812 SAS,72-95938454-7,Responsable Inscripto,Calle 121 N°976,Asia,China,Shanghái,Shanghái,Persona Física
Empresa 1443 SRL,61-91986291-6,IVA Sujeto Exento,Calle 529 N°2128,América,Estados Unidos,Texas,Dallas,Persona Jurídica
Persona 2469,40-16499000-5,Régimen Simplificado,Calle 191 N°3580,Asia,China,Pekín,Pekín,Persona Física
Persona 52,74-99448588-3,Responsable Inscripto,Calle 813 N°897,Asia,China,Shanghái,Shanghái,Persona Física
Persona 638,72-58579147-0,Régimen Simplificado,Calle 601 N°335,Asia,China,Shanghái,Shanghái,Persona Física
Persona 2195,69-58062912-3,IVA Sujeto Exento,Calle 74 N°4436,Europa,España,Madrid,Madrid,Persona Jurídica
Persona 2334,37-69928301-4,Régimen Simplificado,Calle 78 N°3914,Asia,China,Shanghái,Shanghái,Persona Física
Persona 1051,12-23734241-4,Régimen Simplificado,Calle 133 N°4667,Europa,España,Madrid,Madrid,Persona Física
Persona 723,46-58212591-5,Responsable Inscripto,Calle 572 N°3361,Europa,España,Cataluña,Barcelona,Persona Física
Empresa 1904 S.A.,98-60493999-2,IVA Sujeto Exento,Calle 127 N°1380,América,Estados Unidos,California,San Francisco,Persona Jurídica
Persona 1686,58-52478354-4,Régimen Simplificado,Calle 357 N°94,América,Brasil,Rio de Janeiro,Rio de Janeiro,Persona Física
Persona 660,41-28740175-8,Régimen Simplificado,Calle 49 N°4973,Europa,España,Madrid,Madrid,Persona Física
Persona 1162,31-44834217-7,Régimen Simplificado,Calle 632 N°1587,América,Estados Unidos,California,San Francisco,Persona Física
Empresa 1579 S.A.,90-88213129-4,Responsable Inscripto,Calle 545 N°4533,América,Argentina,Santa Fe,Rosario,Persona Física
Empresa 842 SAS,23-61130632-5,IVA Sujeto Exento,Calle 285 N°1075,Asia,China,Pekín,Pekín,Persona Jurídica
Persona 183,68-74151987-9,Responsable Inscripto,Calle 770 N°445,Asia,China,Pekín,Pekín,Persona Física
Empresa 148 SAS,94-38787048-5,Régimen Simplificado,Calle 986 N°770,América,Brasil,São Paulo,São Paulo,Persona Física
Persona 619,10-60141969-0,Responsable Inscripto,Calle 175 N°40,Europa,España,Madrid,Madrid,Persona Física
Empresa 2780 SRL,54-76480120-0,Responsable Inscripto,Calle 4 N°4873,Europa,España,Cataluña,Barcelona,Persona Física
Empresa 1593 SAS,23-88015035-4,Responsable Inscripto,Calle 951 N°1445,Asia,China,Shanghái,Shanghái,Persona Física
Empresa 62 SAS,62-21381453-3,IVA Sujeto Exento,Calle 433 N°4184,América,Estados Unidos,California,Los Ángeles,Persona Jurídica
Empresa 1992 SAS,67-74134729-8,IVA Sujeto Exento,Calle 485 N°2362,Asia,China,Pekín,Pekín,Persona Jurídica
Persona 1350,35-83354478-2,Responsable Inscripto,Calle 286 N°2917,América,Brasil,Rio de Janeiro,Rio de Janeiro,Persona Física
Empresa 942 S.A.,85-96317838-0,Régimen Simplificado,Calle 988 N°4716,Asia,China,Shanghái,Shanghái,Persona Física
Persona 210,19-75529075-0,Régimen Simplificado,Calle 39 N°191,Asia,China,Shanghái,Shanghái,Persona Física
Persona 1620,90-87222020-4,IVA Sujeto Exento,Calle 618 N°2062,América,Estados Unidos,Texas,Dallas,Persona Jurídica
Empresa 1895 S.A.,86-71032448-0,Responsable Inscripto,Calle 535 N°685,Asia,China,Pekín,Pekín,Persona Física
Empresa 2084 SAS,46-51706345-7,IVA Sujeto Exento,Calle 697 N°1656,Europa,España,Madrid,Madrid,Persona Jurídica
Persona 1906,99-64399835-2,IVA Sujeto Exento,Calle 253 N°2642,América,Estados Unidos,California,Los Ángeles,Persona Jurídica
Persona 1626,63-32004383-1,Régimen Simplificado,Calle 40 N°4001,Asia,China,Pekín,Pekín,Persona Física
Empresa 1797 SAS,72-12667894-4,Responsable Inscripto,Calle 825 N°1255,Asia,China,Shanghái,Shanghái,Persona Física
Empresa 2599 S.A.,60-10468139-5,IVA Sujeto Exento,Calle 787 N°1092,Europa,España,Cataluña,Barcelona,Persona Jurídica
Empresa 455 SAS,91-67815596-6,Responsable Inscripto,Calle 154 N°935,América,Brasil,Rio de Janeiro,Rio de Janeiro,Persona Física
Persona 2528,52-41359640-6,Responsable Inscripto,Calle 351 N°4003,Europa,España,Madrid,Madrid,Persona Física
Persona 2654,91-55056274-5,Responsable Inscripto,Calle 11 N°912,Asia,China,Shanghái,Shanghái,Persona Física
Empresa 296 S.A.,28-82039188-1,IVA Sujeto Exento,Calle 269 N°3010,Europa,España,Madrid,Madrid,Persona Jurídica
Persona 2773,81-90043988-3,Responsable Inscripto,Calle 348 N°3952,Europa,España,Cataluña,Barcelona,Persona Física
Empresa 2154 SRL,24-49199878-2,Régimen Simplificado,Calle 702 N°3191,América,Brasil,São Paulo,São Paulo,Persona Física
Persona 353,49-12617119-4,Responsable Inscripto,Calle 353 N°4919,Europa,España,Madrid,Madrid,Persona Física
Persona 1021,63-62019830-6,Régimen Simplificado,Calle 146 N°4066,Asia,China,Pekín,Pekín,Persona Física
Persona 2480,47-87071788-2,Régimen Simplificado,Calle 957 N°3004,Europa,España,Madrid,Madrid,Persona Física
Persona 1961,93-21089866-5,IVA Sujeto Exento,Calle 726 N°4490,América,Brasil,Rio de Janeiro,Rio de Janeiro,Persona Jurídica
Empresa 483 S.A.,90-25617031-5,IVA Sujeto Exento,Calle 516 N°2498,América,Estados Unidos,California,San Francisco,Persona Jurídica
Empresa 1072 SAS,79-25993431-1,IVA Sujeto Exento,Calle 619 N°3290,América,Brasil,Rio de Janeiro,Rio de Janeiro,Persona Jurídica
Empresa 1596 S.A.,71-87400792-6,Régimen Simplificado,Calle 379 N°2109,América,Estados Unidos,California,Los Ángeles,Persona Física
Persona 1230,50-26328864-2,Régimen Simplificado,Calle 506 N°450,Europa,España,Cataluña,Barcelona,Persona Física
Empresa 733 SAS,51-98333587-7,IVA Sujeto Exento,Calle 961 N°2117,América,Brasil,Rio de Janeiro,Rio de Janeiro,Persona Jurídica
Empresa 1368 SAS,34-77215437-9,Responsable Inscripto,Calle 49 N°3621,Asia,China,Pekín,Pekín,Persona Física
Persona 1518,14-10161509-9,Régimen Simplificado,Calle 424 N°4303,América,Brasil,Rio de Janeiro,Rio de Janeiro,Persona Física
Persona 2272,12-94236586-3,Responsable Inscripto,Calle 51 N°375,Europa,España,Cataluña,Barcelona,Persona Física
Empresa 1620 SAS,67-20143708-7,Responsable Inscripto,Calle 626 N°3930,Asia,China,Pekín,Pekín,Persona Física
Persona 2868,12-80954870-7,Régimen Simplificado,Calle 545 N°1911,Asia,China,Pekín,Pekín,Persona Física
Empresa 2364 S.A.,38-22849318-1,Régimen Simplificado,Calle 295 N°3180,Asia,China,Shanghái,Shanghái,Persona Física
Persona 2631,72-19178639-9,Régimen Simplificado,Calle 864 N°4537,Asia,China,Shanghái,Shanghái,Persona Física
Persona 2436,67-10046996-9,Régimen Simplificado,Calle 971 N°1464,América,Estados Unidos,Texas,Dallas,Persona Física
Persona 1099,69-78183021-3,IVA Sujeto Exento,Calle 370 N°4810,Asia,China,Shanghái,Shanghái,Persona Jurídica
Persona 309,95-37021698-8,Responsable Inscripto,Calle 190 N°3438,América,Estados Unidos,Texas,Houston,Persona Física
Persona 2367,66-10183901-0,Responsable Inscripto,Calle 561 N°4355,América,Estados Unidos,Texas,Houston,Persona Física
Empresa 726 S.A.,24-95124865-4,Régimen Simplificado,Calle 856 N°1652,Europa,España,Cataluña,Barcelona,Persona Física
Empresa 1401 SRL,51-42274772-9,Régimen Simplificado,Calle 850 N°3732,América,Estados Unidos,Texas,Houston,Persona Física
Empresa 1746 S.A.,96-17791367-7,Responsable Inscripto,Calle 987 N°780,América,Argentina,Buenos Aires,Buenos Aires,Persona Física
Persona 2632,10-23235716-5,Régimen Simplificado,Calle 933 N°2137,América,Argentina,Buenos Aires,Buenos Aires,Persona Física
Persona 623,39-84228297-9,Régimen Simplificado,Calle 95 N°2988,Europa,España,Cataluña,Barcelona,Persona Física
